id,first_name,last_name,email,gender,birthDate
1,Westley,Tylor,wtylor0@nps.gov,Male,4/25/1986
2,Ofella,Lanfare,olanfare1@java.com,Female,7/31/1988
3,Arda,Pepye,apepye2@netlog.com,Female,3/29/1990
4,Inigo,Hinners,ihinners3@sina.com.cn,Male,2/15/2016
5,Cathleen,Morcom,cmorcom4@t.co,Female,9/13/1993
6,Marika,Nutten,mnutten5@unicef.org,Female,1/26/1975
7,Ritchie,Raffin,rraffin6@ask.com,Male,8/1/1985
8,Lucian,Diggar,ldiggar7@ucoz.com,Male,9/7/1993
9,Nonnah,Robion,nrobion8@unesco.org,Female,7/15/1974
10,Carmella,Selway,cselway9@mail.ru,Female,12/22/1984
11,Emmye,Grigorini,egrigorinia@google.pl,Female,1/29/2011
12,Katina,Stealey,kstealeyb@studiopress.com,Female,2/2/2009
13,Sigismund,Spenceley,sspenceleyc@twitter.com,Male,5/27/1971
14,Kaycee,Verney,kverneyd@indiegogo.com,Female,12/28/2013
15,Kristopher,Samsworth,ksamsworthe@drupal.org,Male,3/9/1989
16,Dew,Balderson,dbaldersonf@bigcartel.com,Male,11/5/2006
17,Danya,Corneil,dcorneilg@ca.gov,Male,4/21/1993
18,Hazel,Kleisle,hkleisleh@prlog.org,Female,9/21/2015
19,Alley,Idell,aidelli@princeton.edu,Male,4/26/2014
20,Averil,Noraway,anorawayj@edublogs.org,Male,4/23/2018
21,Caesar,Concannon,cconcannonk@wunderground.com,Male,7/3/2016
22,Caesar,Mathivet,cmathivetl@trellian.com,Male,9/25/1998
23,Aggie,Behnke,abehnkem@virginia.edu,Female,9/17/1995
24,Philippa,Wilmut,pwilmutn@yandex.ru,Female,4/9/1984
25,Clayborne,Shelborne,cshelborneo@scribd.com,Male,8/24/1999
26,Wallis,Dooher,wdooherp@aboutads.info,Female,2/11/2010
27,Arri,Barca,abarcaq@cnbc.com,Male,3/25/1987
28,Ethelyn,Attenbarrow,eattenbarrowr@opera.com,Female,12/22/1993
29,Burg,Doleman,bdolemans@altervista.org,Male,9/12/2006
30,Nev,Issacof,nissacoft@sina.com.cn,Male,6/4/2004
31,Urbain,Stych,ustychu@ucsd.edu,Male,4/6/2013
32,Giorgi,Vice,gvicev@tinypic.com,Male,5/26/2018
33,Maxie,Rosenberg,mrosenbergw@parallels.com,Female,8/15/1982
34,Taylor,Burtwhistle,tburtwhistlex@xing.com,Male,7/22/1993
35,Leanora,Spowart,lspowarty@xing.com,Female,3/17/2019
36,Mignon,Viall,mviallz@auda.org.au,Female,4/21/1974
37,Casi,Vokes,cvokes10@hhs.gov,Female,6/10/2001
38,Yorgo,Itzcovichch,yitzcovichch11@last.fm,Male,8/29/1988
39,Dianemarie,McCroft,dmccroft12@hostgator.com,Female,4/19/2015
40,Bryn,Sainer,bsainer13@so-net.ne.jp,Male,7/12/2015
41,Fiorenze,Costard,fcostard14@slashdot.org,Female,1/19/1971
42,Corena,Cazereau,ccazereau15@facebook.com,Female,8/23/2017
43,Constantin,Incogna,cincogna16@privacy.gov.au,Male,8/5/1980
44,Fern,Tidman,ftidman17@unesco.org,Female,2/20/1999
45,Bard,Grishukov,bgrishukov18@blogspot.com,Male,3/27/1994
46,Ruby,Godspeede,rgodspeede19@xinhuanet.com,Female,9/10/2007
47,Murdock,Heam,mheam1a@ebay.com,Male,1/29/2010
48,Flori,Mayman,fmayman1b@freewebs.com,Female,7/29/1987
49,Rodrick,Mansuer,rmansuer1c@cocolog-nifty.com,Male,8/7/1978
50,Denni,Bendix,dbendix1d@stanford.edu,Female,7/29/1992
51,Emmy,Carnson,ecarnson1e@yellowpages.com,Male,3/24/2000
52,Ebony,Choppin,echoppin1f@youtu.be,Female,3/22/1987
53,Borden,Johannesson,bjohannesson1g@ted.com,Male,8/11/2016
54,Garrik,Benzi,gbenzi1h@wufoo.com,Male,12/7/1992
55,Hamnet,Jouannisson,hjouannisson1i@newsvine.com,Male,6/6/1995
56,Jessica,Roache,jroache1j@weebly.com,Female,4/17/2010
57,Felicity,Winterscale,fwinterscale1k@hao123.com,Female,3/18/1973
58,Merv,Oakinfold,moakinfold1l@google.com.br,Male,4/1/2001
59,Earl,Rentz,erentz1m@delicious.com,Male,7/14/2014
60,Christiane,O'Heyne,coheyne1n@about.me,Female,6/12/2003
61,Garrick,Jozaitis,gjozaitis1o@bbb.org,Male,3/5/1981
62,Kamila,Tumber,ktumber1p@tripadvisor.com,Female,1/28/2017
63,Kania,Pringle,kpringle1q@mac.com,Female,11/2/2018
64,Ellie,Dykes,edykes1r@mediafire.com,Female,9/14/1988
65,Vite,Colbridge,vcolbridge1s@japanpost.jp,Male,10/2/1977
66,Yoshi,Dalrymple,ydalrymple1t@meetup.com,Female,12/27/1999
67,Carol,Neilands,cneilands1u@wikia.com,Female,6/17/2007
68,Kori,Heaton,kheaton1v@issuu.com,Female,11/24/2015
69,Nessie,Ayer,nayer1w@psu.edu,Female,8/4/1979
70,Lilah,Ireland,lireland1x@dagondesign.com,Female,4/15/1980
71,Ingram,Laurenceau,ilaurenceau1y@microsoft.com,Male,10/27/1987
72,Trstram,Baleine,tbaleine1z@squarespace.com,Male,9/17/1991
73,Tammy,Franek,tfranek20@sakura.ne.jp,Male,5/15/2000
74,Gerry,McIlveen,gmcilveen21@odnoklassniki.ru,Female,4/5/1982
75,Una,Jurries,ujurries22@si.edu,Female,1/11/1984
76,Bancroft,Frodsam,bfrodsam23@ebay.com,Male,4/27/1994
77,Cecil,Izaac,cizaac24@umn.edu,Female,5/17/1982
78,Ninnette,McDonand,nmcdonand25@myspace.com,Female,4/15/1975
79,Felicdad,Woodbridge,fwoodbridge26@apache.org,Female,7/10/2014
80,Rayner,Jardein,rjardein27@ezinearticles.com,Male,4/16/1979
81,Robin,Middlemist,rmiddlemist28@gov.uk,Female,3/27/2003
82,Lidia,Claiden,lclaiden29@4shared.com,Female,12/12/2013
83,Rosalind,Barhims,rbarhims2a@xrea.com,Female,9/3/1992
84,Theodor,Arbor,tarbor2b@weibo.com,Male,1/5/1975
85,Niko,Larvent,nlarvent2c@statcounter.com,Male,3/20/1972
86,Prince,Fullman,pfullman2d@delicious.com,Male,1/26/1988
87,Kennan,Splevins,ksplevins2e@pinterest.com,Male,4/22/2000
88,Kori,Metheringham,kmetheringham2f@cyberchimps.com,Female,12/29/1976
89,Orland,Kennet,okennet2g@sfgate.com,Male,10/14/1997
90,Noam,Derrington,nderrington2h@goo.gl,Male,7/27/1975
91,Tiphany,Tatters,ttatters2i@tinypic.com,Female,4/13/1996
92,Abbe,Asplen,aasplen2j@sogou.com,Female,3/8/2003
93,Lesya,Putson,lputson2k@telegraph.co.uk,Female,2/25/2019
94,Theressa,Ramsby,tramsby2l@howstuffworks.com,Female,12/7/1990
95,Sephira,Seggie,sseggie2m@businesswire.com,Female,9/3/1987
96,Ulises,Taw,utaw2n@ed.gov,Male,7/15/1974
97,Jennine,Cesaric,jcesaric2o@yahoo.com,Female,2/6/2019
98,Libbie,Messager,lmessager2p@soup.io,Female,10/21/1979
99,Maybelle,Fraanchyonok,mfraanchyonok2q@slate.com,Female,1/23/2015
100,Geneva,Louca,glouca2r@cnet.com,Female,12/25/2012
101,Gabriel,Martignon,gmartignon2s@123-reg.co.uk,Male,4/1/1999
102,Atalanta,Hudspeth,ahudspeth2t@princeton.edu,Female,8/21/1991
103,Averyl,Shenfisch,ashenfisch2u@fema.gov,Female,5/17/1988
104,Yetta,Shah,yshah2v@biblegateway.com,Female,4/22/1991
105,Perrine,Di Giacomo,pdigiacomo2w@ovh.net,Female,7/2/2008
106,Pate,Rolph,prolph2x@cisco.com,Male,8/3/1972
107,Christen,Vandrill,cvandrill2y@dmoz.org,Female,2/25/2011
108,Amalita,Wisson,awisson2z@eepurl.com,Female,9/15/1978
109,Janaya,O'Currine,jocurrine30@typepad.com,Female,6/27/2002
110,Eolanda,Gentry,egentry31@ucoz.com,Female,8/3/2000
111,Arnold,Kumaar,akumaar32@posterous.com,Male,10/30/2006
112,Brier,Kimmerling,bkimmerling33@narod.ru,Female,8/2/1976
113,Salaidh,Jakubiak,sjakubiak34@imdb.com,Female,4/20/1973
114,Reynard,Checcucci,rcheccucci35@vimeo.com,Male,11/5/2006
115,Issie,MacKenny,imackenny36@omniture.com,Female,11/20/2014
116,Benn,Truelock,btruelock37@bloomberg.com,Male,4/26/1996
117,Richart,Pettett,rpettett38@accuweather.com,Male,10/23/1976
118,Boigie,Gainsburgh,bgainsburgh39@tinypic.com,Male,6/23/2007
119,Denis,Cannavan,dcannavan3a@netlog.com,Male,11/13/1990
120,Lebbie,Olivelli,lolivelli3b@360.cn,Female,4/4/2006
121,Ali,Swoffer,aswoffer3c@cdc.gov,Male,7/5/1972
122,Vinita,Hawthorne,vhawthorne3d@topsy.com,Female,10/15/2010
123,Weidar,Pyser,wpyser3e@typepad.com,Male,1/29/1977
124,Dacy,Rodrigo,drodrigo3f@auda.org.au,Female,1/27/1994
125,Paulette,Dissman,pdissman3g@alexa.com,Female,10/14/1995
126,Ash,Kausche,akausche3h@mozilla.org,Male,4/3/2004
127,Laney,Whorlton,lwhorlton3i@vk.com,Female,3/12/1991
128,Vincenty,Beckey,vbeckey3j@aol.com,Male,11/24/1972
129,Moira,Prandin,mprandin3k@istockphoto.com,Female,10/31/2002
130,Karel,Kaasman,kkaasman3l@zimbio.com,Female,11/24/1998
131,Lynna,Menat,lmenat3m@51.la,Female,3/10/2010
132,Margeaux,Jopke,mjopke3n@liveinternet.ru,Female,8/26/2009
133,Olvan,Matyushenko,omatyushenko3o@so-net.ne.jp,Male,10/22/2011
134,Dalis,Mullineux,dmullineux3p@salon.com,Male,4/24/1984
135,Anissa,Caramuscia,acaramuscia3q@mit.edu,Female,3/27/1982
136,Porty,Diano,pdiano3r@altervista.org,Male,4/19/2018
137,Noellyn,Hendrix,nhendrix3s@twitter.com,Female,7/8/1995
138,Gillian,Coles,gcoles3t@nhs.uk,Female,6/8/1997
139,Mia,Spybey,mspybey3u@lycos.com,Female,4/29/1978
140,Ed,Bruhke,ebruhke3v@jugem.jp,Male,1/11/1984
141,Hershel,Bridgstock,hbridgstock3w@mashable.com,Male,11/26/2018
142,Meryl,Brand-Hardy,mbrandhardy3x@un.org,Male,2/12/1997
143,Hyacinthie,Berthomier,hberthomier3y@posterous.com,Female,4/29/1982
144,Lynett,Ferson,lferson3z@posterous.com,Female,2/8/1979
145,Kenon,Bathurst,kbathurst40@e-recht24.de,Male,8/10/2011
146,Tiffi,Zavattieri,tzavattieri41@barnesandnoble.com,Female,2/2/1993
147,Lion,Culley,lculley42@youtube.com,Male,2/28/2016
148,Hermy,Stockney,hstockney43@marriott.com,Male,10/2/2014
149,Moina,Milmoe,mmilmoe44@webnode.com,Female,11/1/2010
150,Austin,Edelston,aedelston45@jugem.jp,Male,9/11/1986
151,Phillie,Keller,pkeller46@canalblog.com,Female,12/27/2006
152,Towny,Lecointe,tlecointe47@cargocollective.com,Male,11/22/1983
153,Gusty,Kippins,gkippins48@oracle.com,Female,8/7/1983
154,Duane,Albury,dalbury49@163.com,Male,11/14/1999
155,Bryanty,Conibere,bconibere4a@slashdot.org,Male,5/19/1988
156,Dita,Jandak,djandak4b@skyrock.com,Female,12/20/2001
157,Tilda,Domeney,tdomeney4c@unicef.org,Female,3/31/2001
158,Hyman,Coupman,hcoupman4d@icio.us,Male,7/21/2016
159,Maxi,Le Jean,mlejean4e@delicious.com,Female,10/19/1995
160,Trevar,Ference,tference4f@narod.ru,Male,12/21/2007
161,Omar,Smalls,osmalls4g@kickstarter.com,Male,3/5/2015
162,Price,Derington,pderington4h@toplist.cz,Male,1/24/1980
163,Rahel,Shill,rshill4i@storify.com,Female,6/12/2005
164,Valdemar,Balser,vbalser4j@nasa.gov,Male,6/19/1990
165,Kellina,Shewon,kshewon4k@shinystat.com,Female,1/12/1995
166,Ernst,Bradick,ebradick4l@xrea.com,Male,11/13/1999
167,Nolie,Magenny,nmagenny4m@ustream.tv,Female,7/16/1986
168,Melonie,Crevy,mcrevy4n@google.ca,Female,5/6/2003
169,Theodora,Dobrowolski,tdobrowolski4o@lulu.com,Female,4/27/1998
170,Emmie,Hall-Gough,ehallgough4p@aol.com,Female,3/23/1992
171,Seka,Billyard,sbillyard4q@economist.com,Female,8/20/2019
172,Derek,Ellissen,dellissen4r@sciencedaily.com,Male,7/16/2000
173,Gigi,Parram,gparram4s@skype.com,Female,11/13/1973
174,Billy,Beaulieu,bbeaulieu4t@xrea.com,Male,11/5/2000
175,Erika,Fulop,efulop4u@wikipedia.org,Female,9/18/1976
176,Mohammed,Phinn,mphinn4v@flavors.me,Male,2/11/2002
177,Austin,Crosbie,acrosbie4w@howstuffworks.com,Male,7/8/1974
178,Eliot,Danbury,edanbury4x@privacy.gov.au,Male,8/19/1995
179,Torre,Caughan,tcaughan4y@theglobeandmail.com,Male,5/27/1985
180,Winnifred,De Gogay,wdegogay4z@imgur.com,Female,8/2/1988
181,Hulda,Winterburn,hwinterburn50@google.de,Female,4/15/2010
182,Ferdie,Robelow,frobelow51@theguardian.com,Male,10/2/2000
183,Esteban,Somner,esomner52@berkeley.edu,Male,9/4/2000
184,Guglielma,Reely,greely53@uol.com.br,Female,9/3/2008
185,Rossy,Fender,rfender54@google.fr,Male,3/3/2007
186,Fred,Witterick,fwitterick55@unc.edu,Female,10/8/2015
187,Celle,Chadderton,cchadderton56@hao123.com,Female,8/4/1977
188,Calv,Fairbanks,cfairbanks57@seattletimes.com,Male,2/6/1987
189,Ameline,Harron,aharron58@vistaprint.com,Female,10/7/1985
190,Claresta,Rodd,crodd59@constantcontact.com,Female,3/8/2019
191,Danica,Bland,dbland5a@adobe.com,Female,5/29/1980
192,Murry,Wheelton,mwheelton5b@shinystat.com,Male,11/18/2017
193,Cristine,Serle,cserle5c@google.co.uk,Female,11/9/1994
194,Ikey,Burnand,iburnand5d@tumblr.com,Male,7/31/1974
195,Gisela,Towner,gtowner5e@jiathis.com,Female,2/12/2005
196,Pattie,Gwillym,pgwillym5f@multiply.com,Male,12/22/1987
197,Paula,Yair,pyair5g@stanford.edu,Female,1/14/2010
198,Cullen,Lambertini,clambertini5h@nasa.gov,Male,6/23/1992
199,Lamar,Stoad,lstoad5i@lycos.com,Male,9/7/2000
200,Jed,Baxandall,jbaxandall5j@google.com.br,Male,3/30/1979
201,Ashleigh,Uzielli,auzielli5k@youtu.be,Female,2/26/2019
202,Willetta,Tayspell,wtayspell5l@netscape.com,Female,8/29/1972
203,Maurise,Feben,mfeben5m@smugmug.com,Female,4/3/2000
204,Wilden,Druce,wdruce5n@360.cn,Male,1/28/1989
205,Joelly,Key,jkey5o@arizona.edu,Female,11/1/1993
206,Katalin,Tabram,ktabram5p@miitbeian.gov.cn,Female,11/24/1997
207,Babara,Greenman,bgreenman5q@webs.com,Female,1/6/2012
208,Brannon,Ofer,bofer5r@nature.com,Male,8/6/1987
209,Billie,Possel,bpossel5s@webnode.com,Female,9/16/1973
210,Christiane,Annetts,cannetts5t@businessinsider.com,Female,5/7/1985
211,Linell,Attow,lattow5u@cornell.edu,Female,6/23/1973
212,Rhodie,Miklem,rmiklem5v@ft.com,Female,12/18/1973
213,Webb,Ebbles,webbles5w@google.pl,Male,12/4/1985
214,Sibley,Clynman,sclynman5x@hibu.com,Female,2/14/1979
215,Chrotoem,Kenwin,ckenwin5y@bizjournals.com,Male,12/3/1976
216,Lorelle,Maccari,lmaccari5z@goodreads.com,Female,8/11/2004
217,Emlyn,Harrhy,eharrhy60@clickbank.net,Female,9/13/1986
218,Barrett,Girardin,bgirardin61@mozilla.org,Male,10/26/2000
219,Cassandra,Spain-Gower,cspaingower62@gov.uk,Female,11/26/2013
220,Rab,Wooddisse,rwooddisse63@theguardian.com,Male,4/21/1992
221,Orlan,Cattermull,ocattermull64@nbcnews.com,Male,1/2/1984
222,Aubree,Geggie,ageggie65@mlb.com,Female,10/9/2013
223,Rodger,Tipper,rtipper66@blogtalkradio.com,Male,7/24/1991
224,Christoforo,Mattiuzzi,cmattiuzzi67@php.net,Male,2/28/1972
225,Marthena,Stace,mstace68@elegantthemes.com,Female,6/4/1990
226,Glynn,Vint,gvint69@delicious.com,Male,10/16/1977
227,Loren,McCurry,lmccurry6a@phoca.cz,Male,11/10/1981
228,Vina,Cordner,vcordner6b@xinhuanet.com,Female,6/30/1987
229,Valerye,Taile,vtaile6c@epa.gov,Female,3/22/2013
230,Korrie,Hawthorn,khawthorn6d@google.cn,Female,7/16/1971
231,Marthena,Cowderay,mcowderay6e@google.co.uk,Female,8/30/2019
232,Barbara,Roches,broches6f@go.com,Female,12/16/1999
233,Matty,Sandall,msandall6g@accuweather.com,Male,9/25/2000
234,Veronika,Arendsen,varendsen6h@blog.com,Female,6/27/1982
235,Jens,Cansdill,jcansdill6i@blog.com,Male,7/10/2018
236,Nonie,Shaddock,nshaddock6j@mysql.com,Female,4/25/2015
237,Kennett,McDonagh,kmcdonagh6k@1688.com,Male,3/9/2010
238,Earvin,Trevino,etrevino6l@vinaora.com,Male,3/11/2016
239,Louisa,Tomankiewicz,ltomankiewicz6m@go.com,Female,8/23/1984
240,Jodi,Rochford,jrochford6n@hostgator.com,Female,12/10/1987
241,Catlee,Hillock,chillock6o@slate.com,Female,8/10/2014
242,Glynnis,Hebson,ghebson6p@tumblr.com,Female,8/15/1998
243,Nye,Frowen,nfrowen6q@un.org,Male,3/1/1998
244,Floris,Machon,fmachon6r@amazon.co.uk,Female,6/25/1971
245,Sutton,Stiddard,sstiddard6s@ifeng.com,Male,11/2/1977
246,Tandy,Harris,tharris6t@utexas.edu,Female,6/12/1982
247,Inez,Yorke,iyorke6u@ycombinator.com,Female,1/12/1979
248,Brian,Breton,bbreton6v@census.gov,Male,7/6/1985
249,Darline,Voelker,dvoelker6w@istockphoto.com,Female,12/20/1980
250,Christiana,Gaskal,cgaskal6x@weibo.com,Female,7/8/1996
251,Daron,Ruggs,druggs6y@yale.edu,Male,3/18/2007
252,Audrye,Michieli,amichieli6z@merriam-webster.com,Female,7/23/1993
253,Hollyanne,Trude,htrude70@wunderground.com,Female,12/10/1985
254,Pebrook,Everill,peverill71@miitbeian.gov.cn,Male,8/15/1983
255,Aluin,Caunt,acaunt72@privacy.gov.au,Male,11/8/1976
256,Sumner,Beggi,sbeggi73@goodreads.com,Male,1/22/1994
257,Edlin,Le Estut,eleestut74@timesonline.co.uk,Male,9/30/1980
258,Wenda,Mossom,wmossom75@vinaora.com,Female,10/11/1980
259,Willetta,Summerside,wsummerside76@house.gov,Female,6/4/1981
260,Amalie,Sandaver,asandaver77@goodreads.com,Female,4/23/2006
261,Carly,Viel,cviel78@nsw.gov.au,Male,7/3/1978
262,Niko,Roskell,nroskell79@jigsy.com,Male,7/6/1987
263,Sterling,Perryman,sperryman7a@creativecommons.org,Male,11/7/2011
264,Reid,Surplice,rsurplice7b@fotki.com,Male,8/20/1991
265,Pierrette,Glenfield,pglenfield7c@nbcnews.com,Female,8/24/1975
266,Clarie,Abthorpe,cabthorpe7d@parallels.com,Female,11/17/1998
267,Lacee,Danes,ldanes7e@vinaora.com,Female,9/20/2005
268,Charmane,Brayshaw,cbrayshaw7f@walmart.com,Female,12/7/1996
269,Kahaleel,Kyston,kkyston7g@cocolog-nifty.com,Male,3/24/1990
270,Drew,Biesterfeld,dbiesterfeld7h@google.fr,Male,6/29/2003
271,Prisca,Mozzini,pmozzini7i@1688.com,Female,7/19/2013
272,Joane,Harrower,jharrower7j@meetup.com,Female,2/14/2014
273,Leonard,McGlaud,lmcglaud7k@umich.edu,Male,9/30/1981
274,Rabi,Dudleston,rdudleston7l@cbc.ca,Male,7/22/1986
275,Gui,Elam,gelam7m@engadget.com,Female,6/20/2009
276,Davey,Hefferon,dhefferon7n@vinaora.com,Male,12/9/1984
277,Maddie,Hesey,mhesey7o@parallels.com,Male,7/26/2017
278,Rina,Kealy,rkealy7p@eventbrite.com,Female,7/12/2011
279,Bordy,Gunthorpe,bgunthorpe7q@merriam-webster.com,Male,7/26/1987
280,Fabio,Doyley,fdoyley7r@nba.com,Male,6/14/1985
281,Drusie,Cavozzi,dcavozzi7s@g.co,Female,10/13/2013
282,Theo,Scruby,tscruby7t@dion.ne.jp,Male,1/31/1973
283,Hildagard,MacCaffery,hmaccaffery7u@networkadvertising.org,Female,5/2/2011
284,Shirl,Hissie,shissie7v@yolasite.com,Female,10/17/1988
285,Abby,Ackeroyd,aackeroyd7w@yolasite.com,Male,6/1/1982
286,Fee,Blaber,fblaber7x@prnewswire.com,Male,10/15/1989
287,Bartel,Balassi,bbalassi7y@bbc.co.uk,Male,6/19/2003
288,Paulo,Aleksandrov,paleksandrov7z@dailymail.co.uk,Male,8/12/2003
289,Dilly,Belleny,dbelleny80@artisteer.com,Male,9/13/1983
290,Adela,Fettis,afettis81@pinterest.com,Female,3/31/2018
291,Sarah,Huxham,shuxham82@acquirethisname.com,Female,2/7/1979
292,Joshuah,Wattinham,jwattinham83@wikispaces.com,Male,8/28/2012
293,Rochella,Earlam,rearlam84@telegraph.co.uk,Female,6/1/1981
294,Sherie,Silver,ssilver85@etsy.com,Female,12/6/1970
295,Alric,Libbey,alibbey86@google.nl,Male,6/5/2010
296,Pat,Wanklyn,pwanklyn87@illinois.edu,Male,12/30/2011
297,Torry,Tipper,ttipper88@wp.com,Male,11/13/1972
298,Astrid,Sumption,asumption89@indiatimes.com,Female,11/24/2003
299,Riki,Cearley,rcearley8a@irs.gov,Female,11/22/2011
300,Clotilda,Davidov,cdavidov8b@squidoo.com,Female,1/19/2009
301,Perle,Fligg,pfligg8c@nih.gov,Female,1/4/2005
302,Toni,Fairest,tfairest8d@netscape.com,Female,7/14/1996
303,Kathie,Canfield,kcanfield8e@nba.com,Female,7/23/2019
304,Martguerita,Richemond,mrichemond8f@buzzfeed.com,Female,3/17/2003
305,Donal,Anscott,danscott8g@woothemes.com,Male,7/15/1985
306,Ruthann,Fowkes,rfowkes8h@nba.com,Female,9/20/1972
307,Tabor,Bolsover,tbolsover8i@flavors.me,Male,8/6/2015
308,Leia,Mizen,lmizen8j@xrea.com,Female,8/28/2016
309,Nathalie,Fairholme,nfairholme8k@youtu.be,Female,5/9/1998
310,Gavrielle,O'Gleasane,gogleasane8l@stumbleupon.com,Female,5/16/2010
311,Cordula,Garces,cgarces8m@ucsd.edu,Female,6/4/2018
312,Reinhard,Williams,rwilliams8n@weather.com,Male,10/10/2012
313,Lilian,Lindholm,llindholm8o@samsung.com,Female,7/3/2003
314,Myca,de Chastelain,mdechastelain8p@soundcloud.com,Male,12/3/1976
315,Eadie,Northen,enorthen8q@weather.com,Female,9/21/2006
316,Misha,Donald,mdonald8r@amazonaws.com,Female,5/29/2016
317,Meier,Hartright,mhartright8s@seattletimes.com,Male,7/4/1989
318,Nestor,Danielsson,ndanielsson8t@pinterest.com,Male,9/3/2013
319,Dorian,Safe,dsafe8u@1688.com,Male,5/29/1995
320,Sollie,Rupprecht,srupprecht8v@dell.com,Male,6/17/1992
321,Jocko,Rulten,jrulten8w@w3.org,Male,6/5/2011
322,Alexander,Praundlin,apraundlin8x@w3.org,Male,4/11/1995
323,Shanan,Smithen,ssmithen8y@technorati.com,Male,8/29/2012
324,Cristi,Lorent,clorent8z@addtoany.com,Female,7/28/2017
325,Phaidra,Leggs,pleggs90@com.com,Female,5/13/1990
326,Raleigh,Scarfe,rscarfe91@weibo.com,Male,5/19/2000
327,Bennett,Mozzini,bmozzini92@craigslist.org,Male,7/16/1982
328,Bambie,Rameaux,brameaux93@123-reg.co.uk,Female,12/29/1978
329,Thibaud,Cissen,tcissen94@chronoengine.com,Male,12/19/1978
330,Averell,Robardet,arobardet95@facebook.com,Male,10/22/1991
331,Timi,Bastone,tbastone96@google.fr,Female,7/26/2014
332,Ravid,Peery,rpeery97@virginia.edu,Male,3/2/1988
333,Lisbeth,Snar,lsnar98@unicef.org,Female,2/23/1984
334,Brunhilda,Ditchett,bditchett99@homestead.com,Female,7/3/1991
335,Adelle,Bartaletti,abartaletti9a@examiner.com,Female,1/29/1995
336,Hirsch,Loyns,hloyns9b@altervista.org,Male,1/15/2014
337,Glenna,Marritt,gmarritt9c@guardian.co.uk,Female,3/10/1995
338,Emmet,Caudell,ecaudell9d@ebay.co.uk,Male,11/21/2018
339,Byrom,Bolland,bbolland9e@imdb.com,Male,6/19/2003
340,Geoff,Santry,gsantry9f@so-net.ne.jp,Male,12/27/1976
341,Amalea,Treffry,atreffry9g@wordpress.com,Female,3/18/1982
342,Saleem,Wagge,swagge9h@telegraph.co.uk,Male,1/24/1987
343,Kalila,Montes,kmontes9i@businessweek.com,Female,9/19/1984
344,Matilde,Oakshott,moakshott9j@un.org,Female,1/13/1976
345,Alphonso,Pfeifer,apfeifer9k@answers.com,Male,7/20/2017
346,Quintin,Driffill,qdriffill9l@smh.com.au,Male,1/14/1973
347,Lorianne,Hunnicutt,lhunnicutt9m@apache.org,Female,2/5/2009
348,Minna,Perle,mperle9n@geocities.jp,Female,10/1/1984
349,Dominga,Fassan,dfassan9o@adobe.com,Female,11/17/2013
350,Grissel,D'orsay,gdorsay9p@squidoo.com,Female,11/26/2007
351,Felecia,Ellissen,fellissen9q@odnoklassniki.ru,Female,4/10/2008
352,Trix,Hursthouse,thursthouse9r@symantec.com,Female,1/19/1988
353,Hersh,Sanger,hsanger9s@fda.gov,Male,1/8/2016
354,Phillipp,Gianasi,pgianasi9t@elpais.com,Male,3/22/2003
355,Randall,Seaward,rseaward9u@prweb.com,Male,7/31/1989
356,Margarette,Barnewell,mbarnewell9v@google.cn,Female,10/21/2013
357,Rikki,Sale,rsale9w@ask.com,Female,4/4/1980
358,Jeno,Decourcy,jdecourcy9x@fema.gov,Male,5/30/1981
359,Malcolm,Vasilechko,mvasilechko9y@statcounter.com,Male,10/17/1974
360,Lavena,Tythe,ltythe9z@hc360.com,Female,1/26/1984
361,Bab,Toun,btouna0@howstuffworks.com,Female,5/2/1994
362,Kiley,O'Teague,koteaguea1@oaic.gov.au,Female,1/15/1982
363,Janel,Ozanne,jozannea2@squidoo.com,Female,5/28/1982
364,Valma,Gowing,vgowinga3@netlog.com,Female,8/25/2017
365,Saul,Pawfoot,spawfoota4@angelfire.com,Male,8/29/1980
366,Lorenzo,McDonnell,lmcdonnella5@netvibes.com,Male,2/22/1998
367,Cecilius,Ealles,ceallesa6@nature.com,Male,7/26/2008
368,Vilma,Hender,vhendera7@deviantart.com,Female,1/24/1999
369,Emmalyn,Sorensen,esorensena8@irs.gov,Female,11/15/1989
370,Guilbert,Adaway,gadawaya9@springer.com,Male,10/5/2017
371,Barbey,Jones,bjonesaa@stanford.edu,Female,9/27/2007
372,Sansone,Stainbridge,sstainbridgeab@icio.us,Male,11/16/1995
373,Aline,Leyband,aleybandac@nih.gov,Female,11/14/2017
374,Lurlene,Youthed,lyouthedad@booking.com,Female,3/22/1989
375,Nellie,Gouth,ngouthae@amazon.co.jp,Female,8/26/1975
376,Eldridge,Muro,emuroaf@github.io,Male,10/16/1984
377,Celinka,Sellstrom,csellstromag@theguardian.com,Female,8/27/1983
378,Tiebout,Loyndon,tloyndonah@google.it,Male,11/7/2014
379,Jeniece,Davitt,jdavittai@unc.edu,Female,12/16/1991
380,Dwight,Pavluk,dpavlukaj@scientificamerican.com,Male,1/20/1999
381,Alden,Izatt,aizattak@theglobeandmail.com,Male,4/17/2002
382,Marna,McKag,mmckagal@ihg.com,Female,7/7/2014
383,Marcos,Wilde,mwildeam@blogs.com,Male,6/18/1979
384,Mel,Jansema,mjansemaan@cornell.edu,Female,7/14/2003
385,Floris,Cossell,fcossellao@virginia.edu,Female,8/4/1982
386,Jeanna,Kampshell,jkampshellap@ihg.com,Female,1/20/2000
387,Sabina,Coode,scoodeaq@state.tx.us,Female,9/26/1984
388,Caddric,Tyre,ctyrear@vk.com,Male,9/19/2001
389,Lilian,Gallihaulk,lgallihaulkas@prlog.org,Female,5/8/1997
390,Caspar,Ezzle,cezzleat@indiatimes.com,Male,3/22/1989
391,Janelle,Hunnywell,jhunnywellau@homestead.com,Female,1/12/1997
392,Morganne,Hunnawill,mhunnawillav@usgs.gov,Female,11/15/1993
393,King,Yea,kyeaaw@tinyurl.com,Male,5/13/1989
394,Daisy,Torn,dtornax@oakley.com,Female,10/30/1984
395,Dan,Knottley,dknottleyay@yahoo.com,Male,10/7/1985
396,Louie,Castelow,lcastelowaz@yahoo.com,Male,3/13/1995
397,Cy,Pettigrew,cpettigrewb0@typepad.com,Male,9/30/1993
398,Astrid,Dunsire,adunsireb1@guardian.co.uk,Female,2/13/1981
399,Netta,Erni,nernib2@addtoany.com,Female,6/14/1996
400,Siffre,Hillhouse,shillhouseb3@google.it,Male,5/30/1997
401,Marline,Monckman,mmonckmanb4@cnn.com,Female,12/16/1996
402,Vergil,Stollenhof,vstollenhofb5@ning.com,Male,7/29/1992
403,Cristobal,Clewlow,cclewlowb6@youku.com,Male,8/5/1986
404,Cindy,Billanie,cbillanieb7@princeton.edu,Female,5/30/2016
405,Axel,Kindell,akindellb8@woothemes.com,Male,2/16/1996
406,Joane,Hinsch,jhinschb9@sitemeter.com,Female,11/8/1993
407,Emery,Handy,ehandyba@independent.co.uk,Male,2/11/2014
408,Ashton,Janacek,ajanacekbb@deviantart.com,Male,6/14/2008
409,Jessy,Hann,jhannbc@1688.com,Female,3/26/1995
410,Hill,Guerro,hguerrobd@ovh.net,Male,11/12/1971
411,Dulci,Harrop,dharropbe@epa.gov,Female,6/3/1977
412,Elane,Gregon,egregonbf@marriott.com,Female,5/27/1991
413,Costanza,Pavie,cpaviebg@time.com,Female,9/27/1971
414,Marsiella,Asche,maschebh@utexas.edu,Female,3/18/1976
415,Earlie,McInility,emcinilitybi@phoca.cz,Male,12/23/2004
416,Jobey,Pover,jpoverbj@guardian.co.uk,Female,10/6/1980
417,Parrnell,Donaway,pdonawaybk@globo.com,Male,8/30/2000
418,Annissa,Papachristophorou,apapachristophoroubl@nydailynews.com,Female,1/6/1984
419,Debera,Burnell,dburnellbm@latimes.com,Female,9/24/1984
420,Uriel,Nardoni,unardonibn@macromedia.com,Male,1/7/1983
421,Melinda,Thorneywork,mthorneyworkbo@google.com.au,Female,5/1/1994
422,Rik,Jennings,rjenningsbp@telegraph.co.uk,Male,9/6/2012
423,Ferdie,Willbraham,fwillbrahambq@dmoz.org,Male,1/17/1986
424,Marcille,Hubball,mhubballbr@vinaora.com,Female,7/25/2019
425,Orbadiah,Hutchason,ohutchasonbs@mit.edu,Male,9/21/2006
426,Jacki,Joicey,jjoiceybt@photobucket.com,Female,9/27/1980
427,Chaim,Surgen,csurgenbu@drupal.org,Male,4/1/2017
428,Cesare,Crux,ccruxbv@blogger.com,Male,7/17/1974
429,Conny,Condy,ccondybw@wikimedia.org,Male,4/17/1979
430,Darrin,Spellacey,dspellaceybx@telegraph.co.uk,Male,6/23/1979
431,Sidonnie,Disman,sdismanby@eventbrite.com,Female,8/26/2004
432,Ailyn,Gildea,agildeabz@webmd.com,Female,3/22/1999
433,Benn,Westcar,bwestcarc0@oakley.com,Male,2/1/1974
434,Tamas,Durnan,tdurnanc1@harvard.edu,Male,1/13/1994
435,Lorne,Attenborrow,lattenborrowc2@google.co.uk,Female,6/5/2011
436,Ichabod,Birkby,ibirkbyc3@bravesites.com,Male,10/19/1970
437,Stella,Clampton,sclamptonc4@fastcompany.com,Female,1/14/1972
438,Amelita,Koenen,akoenenc5@usgs.gov,Female,4/17/1994
439,Channa,Kinsman,ckinsmanc6@wsj.com,Female,7/3/1995
440,Garrott,MacRonald,gmacronaldc7@nbcnews.com,Male,9/10/2018
441,Rad,Gerram,rgerramc8@dmoz.org,Male,9/10/2018
442,Skipton,Bolesworth,sbolesworthc9@mlb.com,Male,7/30/2000
443,Ciro,Greensides,cgreensidesca@csmonitor.com,Male,11/3/1998
444,Melvin,Kasper,mkaspercb@wikipedia.org,Male,12/26/2011
445,Palm,Bestall,pbestallcc@theatlantic.com,Male,9/13/1973
446,Gael,Florez,gflorezcd@who.int,Male,3/19/2004
447,Jan,Harsum,jharsumce@cocolog-nifty.com,Male,11/13/1974
448,Ramonda,Philpot,rphilpotcf@barnesandnoble.com,Female,5/31/1987
449,Misha,Hallum,mhallumcg@nba.com,Female,2/9/1977
450,Ban,Peto,bpetoch@goo.gl,Male,2/14/2018
451,Burgess,Eagland,beaglandci@jimdo.com,Male,3/7/1981
452,Ingamar,Pinnick,ipinnickcj@sohu.com,Male,8/12/2006
453,Izaak,Plewes,iplewesck@digg.com,Male,6/3/1987
454,Darnall,Jantel,djantelcl@guardian.co.uk,Male,1/19/1979
455,Haleigh,Hindge,hhindgecm@ftc.gov,Male,6/16/2001
456,Tootsie,Heyns,theynscn@devhub.com,Female,9/20/1992
457,Alecia,Dreamer,adreamerco@twitter.com,Female,7/27/1977
458,Hobard,Faloon,hfalooncp@tumblr.com,Male,8/16/2001
459,Angy,Slavin,aslavincq@constantcontact.com,Female,5/25/2005
460,Culley,Chesnay,cchesnaycr@wired.com,Male,1/21/1976
461,Lexine,McKinie,lmckiniecs@reuters.com,Female,11/6/2008
462,Emery,Craister,ecraisterct@msn.com,Male,4/16/2014
463,Isidor,Brouard,ibrouardcu@blogspot.com,Male,1/6/2019
464,Orsola,Alderwick,oalderwickcv@wsj.com,Female,4/3/2018
465,Derron,Trittam,dtrittamcw@google.co.uk,Male,9/18/1974
466,Tynan,Lendon,tlendoncx@uol.com.br,Male,4/21/1989
467,Adena,Fencott,afencottcy@google.it,Female,6/7/1977
468,Clevie,Hammell,chammellcz@ftc.gov,Male,7/16/1984
469,Andrei,Hegden,ahegdend0@rakuten.co.jp,Female,2/14/2000
470,Ronnica,Coleshill,rcoleshilld1@domainmarket.com,Female,7/26/1990
471,Allyn,Keeting,akeetingd2@networkadvertising.org,Male,9/28/2000
472,Bee,Schimke,bschimked3@narod.ru,Female,3/6/2016
473,Washington,Kuhnert,wkuhnertd4@dailymail.co.uk,Male,7/22/1984
474,Peggi,Bramall,pbramalld5@diigo.com,Female,12/11/2013
475,Ryan,Reckless,rrecklessd6@upenn.edu,Male,3/23/1991
476,Iggy,Penni,ipennid7@edublogs.org,Male,12/22/1997
477,Michaelina,Imlock,mimlockd8@ca.gov,Female,8/17/1986
478,Andrei,Blague,ablagued9@cdbaby.com,Female,9/30/2017
479,Lishe,Pyffe,lpyffeda@twitter.com,Female,4/11/1972
480,Chickie,Woodroff,cwoodroffdb@digg.com,Female,4/25/2011
481,Kris,Dingivan,kdingivandc@stumbleupon.com,Female,11/12/2015
482,Perice,Drains,pdrainsdd@cbc.ca,Male,2/15/1971
483,Remus,Cokly,rcoklyde@delicious.com,Male,9/21/2015
484,Gary,Duckitt,gduckittdf@is.gd,Male,4/5/1999
485,Alford,Meth,amethdg@exblog.jp,Male,3/29/2010
486,Theressa,Akenhead,takenheaddh@chicagotribune.com,Female,9/10/2004
487,Quintin,Dugan,qdugandi@nydailynews.com,Male,7/2/1972
488,Darnall,Mesant,dmesantdj@parallels.com,Male,8/15/1994
489,Thayne,Longson,tlongsondk@amazon.com,Male,9/19/2014
490,Boyd,Deal,bdealdl@baidu.com,Male,12/30/2006
491,Roarke,Hedley,rhedleydm@wikispaces.com,Male,8/20/2001
492,Dani,Jemmison,djemmisondn@huffingtonpost.com,Male,2/19/2014
493,Itch,Klampk,iklampkdo@springer.com,Male,9/26/1982
494,Gerik,Broomhall,gbroomhalldp@bloglines.com,Male,6/13/1977
495,Sephira,Garratty,sgarrattydq@infoseek.co.jp,Female,12/16/1999
496,Veriee,Stebbin,vstebbindr@surveymonkey.com,Female,3/2/1992
497,Alvy,Cross,acrossds@cornell.edu,Male,4/24/2013
498,Theresa,Matussow,tmatussowdt@comcast.net,Female,1/24/1989
499,Liza,Janeway,ljanewaydu@yellowpages.com,Female,3/14/2006
500,Elysha,Cardoo,ecardoodv@cnet.com,Female,1/18/2017
501,Kendre,Brithman,kbrithmandw@flavors.me,Female,6/16/1994
502,Sumner,Lavallie,slavalliedx@ustream.tv,Male,4/25/2013
503,Karly,McQuade,kmcquadedy@oakley.com,Female,12/30/2011
504,Templeton,Vigers,tvigersdz@paypal.com,Male,5/8/1979
505,Ajay,Allwright,aallwrighte0@google.de,Female,3/6/1993
506,Bettine,Glaister,bglaistere1@surveymonkey.com,Female,1/11/1976
507,Audrie,Harget,ahargete2@opensource.org,Female,7/9/1986
508,Aharon,Monnoyer,amonnoyere3@un.org,Male,6/13/1986
509,Beckie,Chapleo,bchapleoe4@hp.com,Female,7/31/1980
510,Nat,Berthelet,nberthelete5@salon.com,Female,4/19/1971
511,Sylas,Sacchetti,ssacchettie6@printfriendly.com,Male,7/22/2006
512,Consuela,Tellesson,ctellessone7@dion.ne.jp,Female,6/20/1992
513,Ileane,Cobbledick,icobbledicke8@aboutads.info,Female,6/8/1973
514,Prent,Olechnowicz,polechnowicze9@howstuffworks.com,Male,12/18/1994
515,Dex,Sollett,dsollettea@spotify.com,Male,4/29/2017
516,Philomena,Pollicott,ppollicotteb@amazon.de,Female,9/11/2015
517,Olivette,Gotter,ogotterec@imdb.com,Female,6/14/1997
518,Fulvia,McIan,fmcianed@walmart.com,Female,1/3/2006
519,Crichton,Havik,chavikee@domainmarket.com,Male,7/6/1972
520,Jarid,Streeten,jstreetenef@chicagotribune.com,Male,8/10/1985
521,Tadio,MacGillacolm,tmacgillacolmeg@admin.ch,Male,8/21/1990
522,Martainn,Mannock,mmannockeh@shareasale.com,Male,4/7/2003
523,Elvis,Butterick,ebutterickei@harvard.edu,Male,5/19/1995
524,Lacie,Djorevic,ldjorevicej@ucsd.edu,Female,4/29/1988
525,Ruthann,Hellis,rhellisek@squidoo.com,Female,2/11/1980
526,Alma,Pavyer,apavyerel@typepad.com,Female,7/11/2016
527,Beale,Stenson,bstensonem@sohu.com,Male,10/31/1999
528,Thedric,Bartomieu,tbartomieuen@japanpost.jp,Male,3/11/1993
529,Nerte,Jura,njuraeo@hostgator.com,Female,9/22/1972
530,Barbra,Brum,bbrumep@sourceforge.net,Female,11/14/2000
531,Jacynth,Yepiskopov,jyepiskopoveq@usda.gov,Female,7/12/2002
532,Nonah,Poole,npooleer@qq.com,Female,3/23/1998
533,Callida,Luther,clutheres@livejournal.com,Female,3/24/1973
534,Ethelyn,Dymott,edymottet@123-reg.co.uk,Female,7/6/1997
535,Germain,Cammocke,gcammockeeu@yelp.com,Female,1/13/2011
536,Bailey,Augustus,baugustusev@blinklist.com,Male,8/25/2004
537,Arline,Kefford,akeffordew@oakley.com,Female,9/12/1996
538,Krystyna,Joanaud,kjoanaudex@naver.com,Female,2/23/2015
539,Elke,MacAlpin,emacalpiney@businessinsider.com,Female,2/25/1974
540,Aurlie,Bullivant,abullivantez@bizjournals.com,Female,6/18/1977
541,Beret,Simmig,bsimmigf0@nydailynews.com,Female,8/4/2009
542,Lanie,Stonman,lstonmanf1@goo.ne.jp,Female,5/10/1982
543,Bryon,Brobeck,bbrobeckf2@weebly.com,Male,2/27/1973
544,Terence,Redfearn,tredfearnf3@deviantart.com,Male,4/6/2007
545,Bobette,Reckless,brecklessf4@canalblog.com,Female,1/5/1997
546,Dunn,Norquay,dnorquayf5@boston.com,Male,10/3/1999
547,Josi,Bundy,jbundyf6@msu.edu,Female,2/9/1976
548,Shirline,Gillott,sgillottf7@hhs.gov,Female,5/9/1995
549,Fidole,Outlaw,foutlawf8@macromedia.com,Male,6/9/1987
550,Galvin,Mushart,gmushartf9@scribd.com,Male,3/18/1972
551,Thaddeus,Child,tchildfa@domainmarket.com,Male,12/29/2001
552,Carlene,Digg,cdiggfb@dailymail.co.uk,Female,2/4/2004
553,Jory,Cothey,jcotheyfc@chicagotribune.com,Male,3/3/1977
554,Walden,Hallor,whallorfd@hp.com,Male,5/27/1976
555,Stavros,Nichols,snicholsfe@bandcamp.com,Male,1/25/1973
556,Dru,Bassano,dbassanoff@jigsy.com,Female,3/28/1994
557,Toby,Harriagn,tharriagnfg@360.cn,Male,2/3/1975
558,Hinze,Aery,haeryfh@surveymonkey.com,Male,3/11/2011
559,Vale,Corrett,vcorrettfi@livejournal.com,Male,5/17/2011
560,Cathy,Sullens,csullensfj@virginia.edu,Female,8/18/1996
561,Niccolo,Campbell,ncampbellfk@cbc.ca,Male,12/6/2003
562,Sella,Rasmus,srasmusfl@ucla.edu,Female,11/11/2004
563,Milt,Kamena,mkamenafm@guardian.co.uk,Male,10/1/1971
564,Frederick,Freddi,ffreddifn@businesswire.com,Male,11/26/2005
565,Chloris,Strutt,cstruttfo@bloglovin.com,Female,1/6/1973
566,Ulrika,Hartshorne,uhartshornefp@behance.net,Female,11/19/2006
567,Gordy,Haward,ghawardfq@jalbum.net,Male,9/23/1989
568,Flossy,Umbert,fumbertfr@uol.com.br,Female,9/29/2002
569,Basile,Aldam,baldamfs@symantec.com,Male,12/27/1980
570,Rowland,Cawsby,rcawsbyft@com.com,Male,6/19/1994
571,Xever,Hyndley,xhyndleyfu@sciencedirect.com,Male,2/4/1999
572,Lonny,McKeaveney,lmckeaveneyfv@businessweek.com,Male,12/17/1999
573,Morton,Tomlin,mtomlinfw@cisco.com,Male,7/7/1971
574,Geri,McRae,gmcraefx@mit.edu,Female,10/26/2014
575,Carlo,Albertson,calbertsonfy@theguardian.com,Male,1/12/1983
576,Rabbi,Frankland,rfranklandfz@weibo.com,Male,8/20/1992
577,Ralf,Mayhew,rmayhewg0@tuttocitta.it,Male,6/26/2008
578,Clemmie,Crummie,ccrummieg1@tinypic.com,Female,3/21/1988
579,Petronille,Watton,pwattong2@businessinsider.com,Female,11/19/1991
580,Ermin,McNeilley,emcneilleyg3@google.nl,Male,12/10/2008
581,Wake,Gehringer,wgehringerg4@cornell.edu,Male,1/6/1986
582,Towny,Sighard,tsighardg5@gnu.org,Male,10/29/1979
583,Umberto,Liddard,uliddardg6@techcrunch.com,Male,8/14/1983
584,Ax,Darton,adartong7@irs.gov,Male,12/5/2011
585,Diarmid,Trymme,dtrymmeg8@ameblo.jp,Male,4/4/1996
586,Gabrielle,Beacon,gbeacong9@pen.io,Female,10/17/2006
587,Flora,Ionesco,fionescoga@wp.com,Female,3/16/1975
588,Ronna,Leynagh,rleynaghgb@webnode.com,Female,2/18/2001
589,Sharron,Kipling,skiplinggc@privacy.gov.au,Female,3/2/2015
590,Nike,Regelous,nregelousgd@de.vu,Female,11/22/1983
591,Everard,Withnall,ewithnallge@google.com.au,Male,1/29/1995
592,Ranice,Castiglio,rcastigliogf@timesonline.co.uk,Female,4/17/1976
593,Melessa,Kitlee,mkitleegg@163.com,Female,11/23/2003
594,Alexa,Laurenty,alaurentygh@squidoo.com,Female,11/25/1982
595,Henderson,Kinkade,hkinkadegi@alexa.com,Male,8/14/1998
596,Franzen,Churchlow,fchurchlowgj@foxnews.com,Male,3/8/1975
597,Pris,Carde,pcardegk@rambler.ru,Female,12/11/1975
598,Alfy,Roon,aroongl@statcounter.com,Male,12/18/1982
599,Johnath,Zettoi,jzettoigm@google.ca,Female,2/15/2012
600,Kimbra,Chivers,kchiversgn@home.pl,Female,9/8/1977
601,Wiatt,Matuszyk,wmatuszykgo@washington.edu,Male,3/19/2007
602,Ignaz,Bettenson,ibettensongp@oaic.gov.au,Male,2/23/1998
603,Dione,Senn,dsenngq@sphinn.com,Female,7/11/1989
604,Shane,Twelve,stwelvegr@examiner.com,Male,10/26/1990
605,Gerrard,Panther,gpanthergs@ifeng.com,Male,9/13/2013
606,Horace,Janjusevic,hjanjusevicgt@cam.ac.uk,Male,2/16/1980
607,Marlo,Older,moldergu@google.fr,Female,10/18/2017
608,Loree,Evanson,levansongv@ox.ac.uk,Female,10/15/2008
609,Raymund,Trobey,rtrobeygw@senate.gov,Male,7/17/2000
610,Thaine,Rivlin,trivlingx@mail.ru,Male,7/17/1989
611,Spike,Kalkofer,skalkofergy@icio.us,Male,9/13/1986
612,Natala,Huguet,nhuguetgz@xing.com,Female,1/2/2010
613,Desiree,Jerger,djergerh0@ftc.gov,Female,9/22/1988
614,Arther,Tilne,atilneh1@g.co,Male,3/8/1977
615,Rand,Kulver,rkulverh2@mayoclinic.com,Male,4/8/1977
616,Jaime,Eckford,jeckfordh3@msn.com,Male,1/24/1998
617,Christal,McLaughlan,cmclaughlanh4@wikipedia.org,Female,5/26/2005
618,Reyna,Dach,rdachh5@posterous.com,Female,10/30/1992
619,Puff,Marfield,pmarfieldh6@pagesperso-orange.fr,Male,8/8/1991
620,Nealy,Godbald,ngodbaldh7@bloomberg.com,Male,10/30/1983
621,Desiree,Breawood,dbreawoodh8@ocn.ne.jp,Female,3/31/1995
622,Gwyn,Sadry,gsadryh9@prlog.org,Female,7/13/2010
623,Jandy,Dorgon,jdorgonha@list-manage.com,Female,5/26/1998
624,Northrop,Manna,nmannahb@deviantart.com,Male,8/17/2013
625,Nelly,Belford,nbelfordhc@google.cn,Female,4/26/1993
626,Delila,Garnett,dgarnetthd@weebly.com,Female,10/9/1991
627,Pepe,Digan,pdiganhe@tripod.com,Male,9/15/2018
628,Cassie,Garvill,cgarvillhf@pbs.org,Male,7/6/2018
629,Julian,Abbet,jabbethg@pcworld.com,Male,8/7/2016
630,Katrine,Kidder,kkidderhh@bloglines.com,Female,9/25/2009
631,Cort,Koomar,ckoomarhi@wp.com,Male,10/28/2016
632,Perle,Spikeings,pspikeingshj@unc.edu,Female,5/28/1985
633,Dalt,Nanelli,dnanellihk@uiuc.edu,Male,10/31/1995
634,Andria,Kirk,akirkhl@globo.com,Female,2/12/1996
635,Felipe,O'Corrane,focorranehm@statcounter.com,Male,9/18/1979
636,Phyllida,Stanner,pstannerhn@bravesites.com,Female,10/13/2012
637,Michail,Cottee,mcotteeho@fotki.com,Male,3/2/2000
638,Maxwell,Bodleigh,mbodleighhp@adobe.com,Male,12/28/1972
639,Randi,Walles,rwalleshq@buzzfeed.com,Female,1/17/1989
640,Griswold,Matantsev,gmatantsevhr@netscape.com,Male,12/9/2009
641,Earl,O' Sullivan,eosullivanhs@biblegateway.com,Male,2/13/1973
642,Janenna,Blampy,jblampyht@geocities.com,Female,6/19/1978
643,Arabele,Gooch,agoochhu@theatlantic.com,Female,10/29/1982
644,Giselle,Blinkhorn,gblinkhornhv@tripod.com,Female,1/11/2013
645,Amii,Lumsdaine,alumsdainehw@google.ru,Female,2/12/2004
646,Rachael,Terbruggen,rterbruggenhx@home.pl,Female,3/25/1971
647,Paolo,Scarlet,pscarlethy@redcross.org,Male,7/16/2002
648,Natala,Alsop,nalsophz@yelp.com,Female,3/2/1980
649,Raff,Norcross,rnorcrossi0@wufoo.com,Male,11/24/1973
650,Gail,Dimitriou,gdimitrioui1@simplemachines.org,Male,1/27/1991
651,Waldon,Quinell,wquinelli2@tinypic.com,Male,1/20/1997
652,Madonna,Ervine,mervinei3@bing.com,Female,6/18/1988
653,Ingemar,Menhci,imenhcii4@mayoclinic.com,Male,6/21/1989
654,Nefen,Cockle,ncocklei5@slashdot.org,Male,2/8/2011
655,Alica,Tunna,atunnai6@ftc.gov,Female,12/14/2003
656,Korella,Badcock,kbadcocki7@quantcast.com,Female,10/1/2005
657,Dareen,Hendricks,dhendricksi8@taobao.com,Female,10/5/2006
658,Garnet,Smieton,gsmietoni9@artisteer.com,Female,2/13/2008
659,Wit,Goodisson,wgoodissonia@phpbb.com,Male,5/2/1991
660,Siusan,Blanchet,sblanchetib@statcounter.com,Female,7/6/2006
661,Faunie,McTurley,fmcturleyic@google.de,Female,4/20/1993
662,Killian,Dreinan,kdreinanid@stanford.edu,Male,2/26/2018
663,Dudley,Mateescu,dmateescuie@apple.com,Male,4/8/1971
664,Britt,Stickel,bstickelif@google.de,Male,2/16/2006
665,Maury,Sheilds,msheildsig@jiathis.com,Male,5/5/1971
666,Gradey,Odgaard,godgaardih@acquirethisname.com,Male,5/10/1987
667,Randell,Fligg,rfliggii@stanford.edu,Male,11/3/1983
668,Rockey,Levane,rlevaneij@youtu.be,Male,8/22/2000
669,Terry,Skep,tskepik@smh.com.au,Male,8/5/2007
670,Madelina,Ayrton,mayrtonil@desdev.cn,Female,5/4/2005
671,Farly,Trinder,ftrinderim@weibo.com,Male,9/30/1984
672,Frankie,Hutable,fhutablein@imgur.com,Male,3/7/2014
673,Latrena,Birkby,lbirkbyio@example.com,Female,11/6/2013
674,Mellie,Goff,mgoffip@unesco.org,Female,4/5/1996
675,Uta,Filson,ufilsoniq@webnode.com,Female,7/8/1996
676,Abrahan,Martini,amartiniir@theatlantic.com,Male,11/9/2012
677,Arvie,Fenemore,afenemoreis@prnewswire.com,Male,5/17/2009
678,Miran,McIlhone,mmcilhoneit@jigsy.com,Female,3/14/1987
679,Joaquin,Camelia,jcameliaiu@theatlantic.com,Male,8/10/1977
680,Delilah,Mora,dmoraiv@vimeo.com,Female,7/26/1994
681,Ingaberg,Portis,iportisiw@wp.com,Female,12/8/1974
682,Dex,Mordon,dmordonix@nature.com,Male,5/17/1979
683,Portia,Daugherty,pdaughertyiy@lulu.com,Female,9/13/1980
684,Corina,Duxbury,cduxburyiz@apache.org,Female,9/7/1991
685,Amabelle,Tamlett,atamlettj0@youtu.be,Female,3/9/2008
686,Mariann,Fass,mfassj1@wordpress.com,Female,2/11/2012
687,Basil,Strutz,bstrutzj2@craigslist.org,Male,11/29/1984
688,Sonny,Carlick,scarlickj3@nasa.gov,Female,12/10/1973
689,Donella,Legges,dleggesj4@wix.com,Female,12/18/1990
690,Holly,Questier,hquestierj5@fc2.com,Female,7/26/1997
691,Ilene,Ings,iingsj6@ted.com,Female,3/12/1973
692,Adham,Renackowna,arenackownaj7@merriam-webster.com,Male,12/28/2018
693,Catha,McAne,cmcanej8@privacy.gov.au,Female,12/4/2015
694,Kit,Grogor,kgrogorj9@blogtalkradio.com,Female,8/11/2006
695,Ashla,Spurett,aspurettja@desdev.cn,Female,1/8/2016
696,Isaac,McRitchie,imcritchiejb@devhub.com,Male,7/7/2017
697,Lesly,Silverston,lsilverstonjc@creativecommons.org,Female,3/5/2015
698,Mab,Peiro,mpeirojd@furl.net,Female,9/21/1983
699,Matilda,Matchell,mmatchellje@ucla.edu,Female,8/20/2010
700,Mattie,McGow,mmcgowjf@tuttocitta.it,Female,10/20/2017
701,Gusty,Canlin,gcanlinjg@i2i.jp,Female,9/12/1972
702,Matilda,Shepeard,mshepeardjh@facebook.com,Female,1/9/1989
703,Deva,Di Giacomettino,ddigiacomettinoji@comsenz.com,Female,5/19/1999
704,Dunn,McKissack,dmckissackjj@oaic.gov.au,Male,3/15/1997
705,Adelaide,Geekin,ageekinjk@examiner.com,Female,10/7/1985
706,Merridie,Van den Bosch,mvandenboschjl@ted.com,Female,10/11/2012
707,Melony,Chritchlow,mchritchlowjm@skyrock.com,Female,11/22/2008
708,Lesli,MacKall,lmackalljn@ning.com,Female,5/2/1997
709,Darice,Conkey,dconkeyjo@youtu.be,Female,4/18/2001
710,Kendal,Bertson,kbertsonjp@boston.com,Male,1/17/2016
711,Terrell,Bruckental,tbruckentaljq@cpanel.net,Male,4/23/2002
712,Janeen,Keppel,jkeppeljr@goo.gl,Female,3/6/1992
713,Juliane,Parysowna,jparysownajs@acquirethisname.com,Female,10/6/1989
714,Gay,Kellitt,gkellittjt@github.com,Male,10/19/1989
715,Thekla,Osmond,tosmondju@discovery.com,Female,5/29/1987
716,Jill,Pinkett,jpinkettjv@jimdo.com,Female,3/20/2000
717,Sasha,Hardy,shardyjw@networksolutions.com,Male,1/29/2018
718,Reynolds,Gascard,rgascardjx@lulu.com,Male,3/8/2009
719,Raychel,Rowbottom,rrowbottomjy@google.com,Female,1/9/1997
720,Berton,Guyonneau,bguyonneaujz@reverbnation.com,Male,3/14/2008
721,Jania,Moulson,jmoulsonk0@indiatimes.com,Female,8/21/2002
722,Hendrik,Normandale,hnormandalek1@seattletimes.com,Male,2/3/1984
723,Maritsa,Rawsen,mrawsenk2@cargocollective.com,Female,10/10/1993
724,Alley,Sextie,asextiek3@businesswire.com,Male,12/31/1988
725,Flori,Houliston,fhoulistonk4@europa.eu,Female,1/27/2004
726,Horten,Tench,htenchk5@forbes.com,Male,11/5/2018
727,May,Mallya,mmallyak6@facebook.com,Female,10/27/2010
728,Darda,Frediani,dfredianik7@freewebs.com,Female,9/11/1978
729,Lawton,Hallgate,lhallgatek8@nsw.gov.au,Male,10/18/2014
730,Jacky,Columbine,jcolumbinek9@senate.gov,Female,4/24/1992
731,Dom,Galliford,dgallifordka@homestead.com,Male,7/25/1971
732,Caron,Scotchforth,cscotchforthkb@wsj.com,Female,2/22/1983
733,Angelle,Brunt,abruntkc@free.fr,Female,5/22/2005
734,Beverly,Spencers,bspencerskd@1688.com,Female,10/31/1973
735,Annmarie,Wybern,awybernke@uiuc.edu,Female,10/7/1972
736,Hayyim,Sagar,hsagarkf@mashable.com,Male,12/3/2010
737,Nelli,Bullcock,nbullcockkg@moonfruit.com,Female,2/9/1978
738,Dante,Priest,dpriestkh@narod.ru,Male,11/7/1997
739,Elianore,Van Leijs,evanleijski@hp.com,Female,12/1/2015
740,Aggie,Tremayle,atremaylekj@furl.net,Female,5/3/1976
741,Jerri,Gallatly,jgallatlykk@facebook.com,Male,3/3/2009
742,Laureen,Keys,lkeyskl@indiatimes.com,Female,5/21/2010
743,Rosalia,Pantling,rpantlingkm@java.com,Female,12/6/1973
744,Delcina,Thulborn,dthulbornkn@kickstarter.com,Female,1/27/1979
745,Norton,Mabbett,nmabbettko@earthlink.net,Male,4/12/2001
746,Fidel,Stranieri,fstranierikp@umich.edu,Male,11/8/1994
747,Dmitri,O'Hartagan,dohartagankq@who.int,Male,5/3/2011
748,Esmaria,Drinkel,edrinkelkr@comcast.net,Female,4/1/1976
749,Trevar,Hulett,thulettks@twitpic.com,Male,9/1/1980
750,Brady,Tuther,btutherkt@techcrunch.com,Male,11/12/2011
751,Jeane,Marks,jmarksku@live.com,Female,7/21/2010
752,Garry,Ingleton,gingletonkv@ibm.com,Male,3/30/2019
753,Garold,Murricanes,gmurricaneskw@admin.ch,Male,10/19/2016
754,Tobey,Thewys,tthewyskx@statcounter.com,Female,2/9/1995
755,Boris,Fluin,bfluinky@businesswire.com,Male,2/3/2005
756,Mitch,Triggle,mtrigglekz@example.com,Male,11/22/1987
757,Carla,Yard,cyardl0@psu.edu,Female,5/3/2019
758,Xenia,Kebell,xkebelll1@deviantart.com,Female,6/20/1987
759,Bary,Wharram,bwharraml2@cocolog-nifty.com,Male,6/22/2015
760,Bobbie,Kennion,bkennionl3@illinois.edu,Male,12/26/1988
761,Lionello,Ketchaside,lketchasidel4@last.fm,Male,4/5/2005
762,Millard,Yielding,myieldingl5@virginia.edu,Male,11/3/2018
763,Charmaine,Dunbleton,cdunbletonl6@163.com,Female,6/22/1972
764,Mireielle,Stanier,mstanierl7@friendfeed.com,Female,10/20/1985
765,Alyce,Marnane,amarnanel8@scientificamerican.com,Female,5/25/1972
766,Tiff,Fealy,tfealyl9@theguardian.com,Female,3/18/1993
767,Cal,Keeri,ckeerila@topsy.com,Female,7/8/2019
768,Kristin,Absolon,kabsolonlb@aboutads.info,Female,1/20/2004
769,Glennis,Allso,gallsolc@toplist.cz,Female,3/21/2005
770,Reggie,Joesbury,rjoesburyld@weather.com,Female,2/3/1983
771,Bobbette,Eades,beadesle@sakura.ne.jp,Female,4/5/1987
772,Ilka,Bennet,ibennetlf@rakuten.co.jp,Female,3/19/1984
773,Mercie,Hawse,mhawselg@ameblo.jp,Female,7/29/2001
774,Alic,Reggiani,areggianilh@xinhuanet.com,Male,4/6/1982
775,Isabelle,Shakespeare,ishakespeareli@multiply.com,Female,1/27/1995
776,Lion,Cunningham,lcunninghamlj@hp.com,Male,11/18/2013
777,Lilah,Cyples,lcypleslk@instagram.com,Female,4/24/1989
778,Ronnie,Wager,rwagerll@reddit.com,Female,2/27/2016
779,Riordan,Brummell,rbrummelllm@amazon.com,Male,10/6/1977
780,Lucie,Barday,lbardayln@weebly.com,Female,6/2/1972
781,Carol-jean,Nealand,cnealandlo@symantec.com,Female,11/28/1975
782,Everard,Vink,evinklp@joomla.org,Male,7/31/2019
783,Johnathan,Boatswain,jboatswainlq@seattletimes.com,Male,1/20/2009
784,Rozanna,Schermick,rschermicklr@indiatimes.com,Female,12/12/1987
785,Beverley,Evenett,bevenettls@ox.ac.uk,Female,3/16/1988
786,Gene,Paoletto,gpaolettolt@yahoo.com,Male,12/15/1991
787,Mireille,Synder,msynderlu@umich.edu,Female,7/1/2010
788,Creight,Tacon,ctaconlv@friendfeed.com,Male,11/30/1995
789,Sherie,Garnsworth,sgarnsworthlw@dedecms.com,Female,1/18/1984
790,Stern,Sposito,sspositolx@samsung.com,Male,2/25/1976
791,Kym,Arnfield,karnfieldly@comsenz.com,Female,1/22/2013
792,Monro,MacGray,mmacgraylz@google.ca,Male,8/6/1988
793,Gaby,Veltman,gveltmanm0@marketwatch.com,Female,7/30/2008
794,Electra,Gullivent,egulliventm1@geocities.com,Female,7/6/1999
795,Babette,Eggleton,beggletonm2@eventbrite.com,Female,6/21/2014
796,L;urette,Sewter,lsewterm3@flickr.com,Female,9/18/2009
797,Archibald,Haslam,ahaslamm4@vk.com,Male,12/14/1984
798,Shandra,Huygen,shuygenm5@jiathis.com,Female,7/1/2004
799,Tarra,Henderson,thendersonm6@theglobeandmail.com,Female,11/14/1987
800,Ellsworth,Truckett,etruckettm7@earthlink.net,Male,5/25/1973
801,Nathalia,Bissiker,nbissikerm8@spotify.com,Female,3/4/1989
802,Norbie,Lamyman,nlamymanm9@ebay.com,Male,8/13/2000
803,Evelina,Falvey,efalveyma@ebay.com,Female,5/14/1982
804,Shelli,Worling,sworlingmb@comcast.net,Female,3/17/1988
805,Johna,Herrema,jherremamc@shareasale.com,Female,12/13/1983
806,Joann,Themann,jthemannmd@merriam-webster.com,Female,7/14/2013
807,Vachel,Kleisle,vkleisleme@etsy.com,Male,6/24/1975
808,Osmund,Gillions,ogillionsmf@studiopress.com,Male,9/29/1996
809,Nelson,Fancourt,nfancourtmg@reverbnation.com,Male,9/30/1990
810,Stacee,Mordin,smordinmh@netlog.com,Female,10/2/1996
811,Rubia,Aburrow,raburrowmi@twitpic.com,Female,1/12/2015
812,Maxine,Oehm,moehmmj@biglobe.ne.jp,Female,1/21/1986
813,Isobel,Kingzeth,ikingzethmk@bloglines.com,Female,8/19/1978
814,Codi,de Chastelain,cdechastelainml@cdbaby.com,Male,3/7/1982
815,Pascale,Mulrooney,pmulrooneymm@biglobe.ne.jp,Male,10/16/2000
816,Graehme,Golly,ggollymn@barnesandnoble.com,Male,7/22/2017
817,Aguste,Smith,asmithmo@storify.com,Male,9/21/2002
818,Walsh,Weldon,wweldonmp@ox.ac.uk,Male,6/26/1971
819,Enrico,Breede,ebreedemq@unblog.fr,Male,11/4/1986
820,Teodoro,Reany,treanymr@yahoo.com,Male,10/27/1992
821,Udale,Walkden,uwalkdenms@prlog.org,Male,5/22/2008
822,Gabriella,Scottini,gscottinimt@upenn.edu,Female,4/12/1985
823,Duke,Ferraresi,dferraresimu@bizjournals.com,Male,6/30/1989
824,Sioux,Hatfield,shatfieldmv@intel.com,Female,4/3/2019
825,Neal,Vaune,nvaunemw@miibeian.gov.cn,Male,1/20/1997
826,Scarface,Rowell,srowellmx@house.gov,Male,11/25/2011
827,Boniface,Iseton,bisetonmy@cpanel.net,Male,4/27/1991
828,Cherice,Albrooke,calbrookemz@archive.org,Female,9/29/1972
829,Kahlil,Connah,kconnahn0@google.com,Male,10/8/1983
830,Tessa,Benito,tbeniton1@goo.gl,Female,8/29/2019
831,Justinn,Petrushkevich,jpetrushkevichn2@theglobeandmail.com,Female,6/6/1985
832,Conrad,Bollum,cbollumn3@oracle.com,Male,3/25/1978
833,Dom,Pesak,dpesakn4@tiny.cc,Male,8/23/2008
834,Corty,Haydney,chaydneyn5@earthlink.net,Male,8/12/2001
835,Lianne,Dundon,ldundonn6@google.de,Female,8/19/2016
836,Amelia,Dash,adashn7@about.com,Female,1/12/1981
837,Allene,Facher,afachern8@seattletimes.com,Female,12/11/2014
838,Cindy,Ellsworthe,cellsworthen9@apache.org,Female,1/19/1991
839,Stanislas,Larsen,slarsenna@pagesperso-orange.fr,Male,2/11/2012
840,Velma,Skentelbery,vskentelberynb@sourceforge.net,Female,10/22/2001
841,Bird,MacGaffey,bmacgaffeync@godaddy.com,Female,10/1/1979
842,Emlynn,Thay,ethaynd@ebay.co.uk,Female,7/9/1973
843,Renaud,Aldham,raldhamne@squidoo.com,Male,12/5/1979
844,Erna,Elijahu,eelijahunf@stumbleupon.com,Female,9/6/1990
845,Josephine,Ifill,jifillng@hp.com,Female,10/10/2007
846,Kimberlyn,Witcomb,kwitcombnh@yolasite.com,Female,1/11/1975
847,Nolan,Bates,nbatesni@naver.com,Male,1/13/1994
848,Sabrina,Shufflebotham,sshufflebothamnj@aol.com,Female,10/8/1976
849,Rudiger,Slark,rslarknk@chronoengine.com,Male,8/2/1981
850,Caddric,Sheehan,csheehannl@alexa.com,Male,8/18/1996
851,Myrwyn,Keson,mkesonnm@reference.com,Male,8/18/1989
852,Jenni,Heintze,jheintzenn@ow.ly,Female,6/1/2008
853,Guilbert,Tither,gtitherno@issuu.com,Male,1/28/1994
854,Faina,Marlin,fmarlinnp@amazonaws.com,Female,9/30/2015
855,Merill,Colleck,mcollecknq@github.com,Male,3/26/1986
856,Winnah,Chantler,wchantlernr@cdbaby.com,Female,11/14/1975
857,Ailina,Bosche,aboschens@nhs.uk,Female,8/9/1995
858,Ingaberg,Iston,iistonnt@uiuc.edu,Female,12/28/1998
859,Christopher,Ahrenius,cahreniusnu@newyorker.com,Male,5/13/1974
860,Melita,Coom,mcoomnv@dot.gov,Female,10/12/1978
861,Alley,Dismore,adismorenw@apache.org,Male,2/29/2012
862,Lynn,Bergstram,lbergstramnx@gizmodo.com,Female,9/17/2016
863,Launce,Duthy,lduthyny@prlog.org,Male,7/23/1994
864,Mick,Rollinson,mrollinsonnz@oakley.com,Male,10/24/1996
865,Katti,Hubbock,khubbocko0@about.me,Female,6/12/2011
866,Rafaelia,Nutting,rnuttingo1@hud.gov,Female,12/23/1976
867,Lynelle,Drake,ldrakeo2@epa.gov,Female,12/2/2009
868,Roseann,Vicarey,rvicareyo3@edublogs.org,Female,10/31/2002
869,Augie,Scanderet,ascandereto4@themeforest.net,Male,6/3/1981
870,Rosetta,Shewen,rsheweno5@google.fr,Female,5/3/1991
871,Avictor,Gringley,agringleyo6@epa.gov,Male,9/18/1971
872,Rossy,Ilymanov,rilymanovo7@shinystat.com,Male,12/29/1987
873,Averil,Roast,aroasto8@blogspot.com,Male,11/22/2004
874,Nichole,Livett,nlivetto9@businesswire.com,Male,5/15/2011
875,Brent,Stennine,bstennineoa@bbc.co.uk,Male,6/25/2016
876,Von,Shilito,vshilitoob@so-net.ne.jp,Male,10/22/2007
877,Clovis,Furniss,cfurnissoc@whitehouse.gov,Female,9/5/1993
878,Hew,Stoate,hstoateod@de.vu,Male,5/13/2002
879,Artemas,Featherstonhaugh,afeatherstonhaughoe@dot.gov,Male,1/3/2008
880,Kaitlyn,Acock,kacockof@com.com,Female,7/1/1971
881,Lynnet,Peterffy,lpeterffyog@miibeian.gov.cn,Female,2/23/2002
882,Arlene,Prahl,aprahloh@example.com,Female,3/21/2018
883,Regina,Wheelton,rwheeltonoi@sbwire.com,Female,4/17/2015
884,Bernard,Brecknell,bbrecknelloj@cyberchimps.com,Male,3/25/1993
885,Astrid,Dorrell,adorrellok@google.com.hk,Female,9/22/1995
886,Wright,Teml,wtemlol@ed.gov,Male,11/1/2007
887,Christalle,Cammocke,ccammockeom@disqus.com,Female,1/9/2019
888,Lory,McVaugh,lmcvaughon@engadget.com,Female,1/9/1988
889,Viviene,Bardwell,vbardwelloo@usgs.gov,Female,2/1/1981
890,Cairistiona,Laurens,claurensop@studiopress.com,Female,7/26/1973
891,Devonna,Harkus,dharkusoq@t.co,Female,3/4/1983
892,Spencer,Brandle,sbrandleor@canalblog.com,Male,12/18/1973
893,Alister,Prazor,aprazoros@lulu.com,Male,12/9/1985
894,Rafaelia,Bonaire,rbonaireot@nbcnews.com,Female,12/18/2007
895,Craggie,Cruxton,ccruxtonou@cmu.edu,Male,7/10/1981
896,Daffie,Pounds,dpoundsov@umich.edu,Female,3/24/2016
897,Sapphire,Parken,sparkenow@etsy.com,Female,11/19/1984
898,Fifine,Lancley,flancleyox@nbcnews.com,Female,3/6/2000
899,Guthrie,Arnley,garnleyoy@illinois.edu,Male,8/31/1989
900,Eldredge,Izatt,eizattoz@hhs.gov,Male,3/19/1999
901,Emmalynn,Febry,efebryp0@seesaa.net,Female,5/10/1998
902,Odilia,Eddis,oeddisp1@purevolume.com,Female,5/30/1972
903,Rebekah,Runnalls,rrunnallsp2@biglobe.ne.jp,Female,8/14/1986
904,Harper,Bellison,hbellisonp3@cbslocal.com,Male,4/13/2018
905,Kathi,Ledbury,kledburyp4@tmall.com,Female,2/9/1974
906,Jean,Bindley,jbindleyp5@earthlink.net,Female,9/27/1981
907,Gerardo,Greason,ggreasonp6@hatena.ne.jp,Male,2/27/1979
908,Kelley,Coxen,kcoxenp7@surveymonkey.com,Male,1/8/2017
909,Orin,Arntzen,oarntzenp8@columbia.edu,Male,4/29/1998
910,Sarajane,Bosden,sbosdenp9@uol.com.br,Female,2/20/1981
911,Jock,Das,jdaspa@dmoz.org,Male,1/26/1990
912,Carlene,Boyde,cboydepb@furl.net,Female,4/14/2012
913,Shaine,Delnevo,sdelnevopc@deviantart.com,Male,10/13/2002
914,Haskell,McKniely,hmcknielypd@issuu.com,Male,8/15/1988
915,Erwin,Dearth,edearthpe@dion.ne.jp,Male,12/16/2006
916,Armin,Frowen,afrowenpf@ucsd.edu,Male,10/22/1985
917,Marena,Napolione,mnapolionepg@php.net,Female,1/6/1979
918,Sergeant,Casserley,scasserleyph@tmall.com,Male,6/14/2019
919,Fancy,Spelman,fspelmanpi@hud.gov,Female,8/9/2013
920,Cordelie,Phittiplace,cphittiplacepj@shutterfly.com,Female,2/2/1979
921,Ozzy,Matuszyk,omatuszykpk@joomla.org,Male,7/10/2010
922,Prudi,Fosh,pfoshpl@google.cn,Female,2/23/1981
923,Annamarie,Elverston,aelverstonpm@miibeian.gov.cn,Female,4/13/1995
924,Pascale,Karlolak,pkarlolakpn@webs.com,Male,7/5/2007
925,Kara-lynn,McIlwraith,kmcilwraithpo@tamu.edu,Female,7/17/1982
926,Giffer,Franzke,gfranzkepp@accuweather.com,Male,4/25/1997
927,Marmaduke,Colebeck,mcolebeckpq@rediff.com,Male,12/27/2018
928,Jesus,Bruhnke,jbruhnkepr@redcross.org,Male,10/28/1977
929,Bunny,Fenby,bfenbyps@cmu.edu,Female,1/2/2003
930,Bethanne,Tierney,btierneypt@arizona.edu,Female,10/17/1980
931,Spense,Alonso,salonsopu@yahoo.co.jp,Male,7/28/1985
932,Gunther,Eddy,geddypv@e-recht24.de,Male,8/3/1997
933,Reg,Cholonin,rcholoninpw@mac.com,Male,7/5/2012
934,Albert,Sacco,asaccopx@people.com.cn,Male,10/28/1997
935,Diannne,Ginie,dginiepy@soup.io,Female,5/20/1988
936,Skip,Elmhirst,selmhirstpz@aol.com,Male,4/30/2018
937,Wyatan,Louis,wlouisq0@slashdot.org,Male,1/12/1993
938,Lizabeth,Poor,lpoorq1@europa.eu,Female,6/16/2010
939,Darill,Crowley,dcrowleyq2@bloglovin.com,Male,5/20/2018
940,Raphael,Shipsey,rshipseyq3@paypal.com,Male,3/16/2002
941,Mitch,Van der Linde,mvanderlindeq4@uol.com.br,Male,2/7/1990
942,Lind,Nyland,lnylandq5@storify.com,Male,8/21/1992
943,Almeta,Larenson,alarensonq6@sciencedirect.com,Female,4/29/1982
944,Orelia,Week,oweekq7@google.co.uk,Female,12/10/1975
945,Winfred,Scoterbosh,wscoterboshq8@amazonaws.com,Male,6/4/1997
946,Noemi,Betho,nbethoq9@unesco.org,Female,5/7/1976
947,Pavel,Bichard,pbichardqa@jiathis.com,Male,10/27/1985
948,Denna,Simmers,dsimmersqb@boston.com,Female,1/28/2000
949,Dolly,Wogden,dwogdenqc@bbc.co.uk,Female,11/26/2005
950,Drucill,Petracco,dpetraccoqd@clickbank.net,Female,7/5/1979
951,Emerson,Gerry,egerryqe@blinklist.com,Male,10/2/1994
952,Ward,Yearn,wyearnqf@mtv.com,Male,12/22/2010
953,Barbra,Hackwell,bhackwellqg@devhub.com,Female,1/20/1971
954,Oates,McMychem,omcmychemqh@auda.org.au,Male,8/6/2008
955,Foss,Redparth,fredparthqi@phoca.cz,Male,6/27/2019
956,Jemmy,Skydall,jskydallqj@dell.com,Female,9/15/1978
957,Hesther,Ferber,hferberqk@census.gov,Female,4/1/1981
958,Aldon,Vedenyapin,avedenyapinql@amazon.com,Male,7/24/2009
959,Joly,Cawdell,jcawdellqm@dyndns.org,Female,8/6/2007
960,Mano,Beumant,mbeumantqn@home.pl,Male,5/22/1990
961,Cobbie,Brightie,cbrightieqo@latimes.com,Male,5/25/2016
962,Chen,Rouke,croukeqp@tinyurl.com,Male,2/25/2012
963,Catina,Keeley,ckeeleyqq@un.org,Female,12/4/1977
964,Jerrold,Samart,jsamartqr@mashable.com,Male,9/1/1995
965,Stefanie,Yell,syellqs@shop-pro.jp,Female,5/3/1986
966,Jo,Judson,jjudsonqt@com.com,Female,7/22/2014
967,Moshe,Skelcher,mskelcherqu@craigslist.org,Male,5/1/1980
968,Fee,Rigmand,frigmandqv@gravatar.com,Male,5/24/2006
969,Barb,Croston,bcrostonqw@timesonline.co.uk,Female,6/17/1974
970,Jacquelyn,Woolner,jwoolnerqx@livejournal.com,Female,1/4/1994
971,Sula,Blockey,sblockeyqy@gizmodo.com,Female,6/23/1984
972,Caro,Sycamore,csycamoreqz@amazon.com,Female,9/18/2007
973,Elvis,Inkles,einklesr0@fotki.com,Male,4/1/2019
974,Marline,Hendrichs,mhendrichsr1@hubpages.com,Female,5/25/1978
975,Rubin,Folonin,rfoloninr2@amazon.co.jp,Male,1/23/1976
976,Ottilie,Stace,ostacer3@github.com,Female,6/5/2006
977,Nicolis,Shipway,nshipwayr4@photobucket.com,Male,2/23/1975
978,Ingaborg,O'Devey,iodeveyr5@digg.com,Female,7/6/1990
979,Penny,Ehrat,pehratr6@amazon.co.uk,Female,1/16/1982
980,Zackariah,Piggins,zpigginsr7@purevolume.com,Male,6/17/1980
981,Earle,Dudgeon,edudgeonr8@sciencedirect.com,Male,4/27/2013
982,Pru,Fladgate,pfladgater9@smh.com.au,Female,8/9/2006
983,Ronnie,Deesly,rdeeslyra@mapquest.com,Male,10/12/2010
984,Margo,Stannas,mstannasrb@goodreads.com,Female,8/23/1998
985,Heath,Letham,hlethamrc@china.com.cn,Female,2/21/1990
986,Darb,Summerson,dsummersonrd@epa.gov,Female,5/25/1982
987,Tirrell,Ravel,travelre@reverbnation.com,Male,6/25/1981
988,Marena,Clevely,mclevelyrf@google.ru,Female,2/16/1971
989,Tymon,De la Eglise,tdelaegliserg@simplemachines.org,Male,5/13/1972
990,Niki,Doumenc,ndoumencrh@wunderground.com,Female,4/6/1982
991,Solomon,Logue,slogueri@reverbnation.com,Male,11/12/1989
992,Ransell,Schettini,rschettinirj@weather.com,Male,7/26/2001
993,Tommie,Landall,tlandallrk@google.co.jp,Male,9/5/1980
994,Emerson,Bruyet,ebruyetrl@ehow.com,Male,8/6/1978
995,Bobette,Jaze,bjazerm@redcross.org,Female,8/15/1996
996,Eldon,Cadell,ecadellrn@360.cn,Male,3/21/1991
997,Dacie,Barkworth,dbarkworthro@columbia.edu,Female,7/16/1973
998,Kiri,Peye,kpeyerp@about.com,Female,7/19/2019
999,Bethanne,MacNulty,bmacnultyrq@economist.com,Female,2/26/1996
1000,Meara,Delacroux,mdelacrouxrr@prnewswire.com,Female,5/27/1979
